plant_id,crop_type,geno_type,max_buds,combo1,combo2
BR017-028111,Winter OSR,Capitol,7.333333333333333,7.0,6.0
BR017-028112,Winter OSR,Capitol,7.0,8.0,7.0
BR017-028121,Winter OSR,Capitol,8.666666666666666,9.0,9.0
BR017-028122,Winter OSR,Capitol,5.666666666666667,11.0,7.0
BR017-028213,Winter OSR,Capitol,8.0,7.0,7.0
BR017-028223,Winter OSR,Capitol,6.333333333333333,7.0,7.0
BR017-040111,Winter OSR,Apex,6.333333333333333,5.0,3.0
BR017-040112,Winter OSR,Apex,5.0,5.0,5.0
BR017-040121,Winter OSR,Apex,5.333333333333333,7.0,5.0
BR017-040122,Winter OSR,Apex,4.666666666666667,3.0,2.0
BR017-040213,Winter OSR,Apex,6.666666666666667,5.0,3.0
BR017-040223,Winter OSR,Apex,4.0,8.0,4.0
BR017-055111,Winter OSR,Expert,6.666666666666667,5.0,5.0
BR017-055112,Winter OSR,Expert,6.333333333333333,5.0,5.0
BR017-055121,Winter OSR,Expert,8.333333333333334,5.0,5.0
BR017-055122,Winter OSR,Expert,6.0,6.0,6.0
BR017-055213,Winter OSR,Expert,7.333333333333333,6.0,6.0
BR017-055223,Winter OSR,Expert,8.333333333333334,8.0,8.0
BR017-090111,Winter OSR,APEX-93_5_X_GINYOU_3_DH_LINE,8.0,11.0,11.0
BR017-090112,Winter OSR,APEX-93_5_X_GINYOU_3_DH_LINE,8.0,10.0,10.0
BR017-090121,Winter OSR,APEX-93_5_X_GINYOU_3_DH_LINE,10.0,10.0,10.0
BR017-090122,Winter OSR,APEX-93_5_X_GINYOU_3_DH_LINE,10.0,7.0,7.0
BR017-090223,Winter OSR,APEX-93_5_X_GINYOU_3_DH_LINE,11.0,7.0,7.0
BR017-093111,Winter OSR,CANBERRA_x_COURAGE_DH_LINE,8.333333333333334,7.0,5.0
BR017-093112,Winter OSR,CANBERRA_x_COURAGE_DH_LINE,6.0,9.0,6.0
BR017-093121,Winter OSR,CANBERRA_x_COURAGE_DH_LINE,5.0,11.0,6.0
BR017-093122,Winter OSR,CANBERRA_x_COURAGE_DH_LINE,5.0,12.0,7.0
BR017-093213,Winter OSR,CANBERRA_x_COURAGE_DH_LINE,7.0,9.0,5.0
BR017-093223,Winter OSR,CANBERRA_x_COURAGE_DH_LINE,5.666666666666667,11.0,7.0
BR017-096111,Winter OSR,HANSEN_X_GASPARD_DH_LINE,5.0,8.0,3.0
BR017-096112,Winter OSR,HANSEN_X_GASPARD_DH_LINE,7.0,7.0,3.0
BR017-096121,Winter OSR,HANSEN_X_GASPARD_DH_LINE,4.666666666666667,6.0,3.0
BR017-096122,Winter OSR,HANSEN_X_GASPARD_DH_LINE,4.0,7.0,4.0
BR017-096213,Winter OSR,HANSEN_X_GASPARD_DH_LINE,4.333333333333333,4.0,4.0
BR017-096223,Winter OSR,HANSEN_X_GASPARD_DH_LINE,4.333333333333333,6.0,6.0
BR017-097111,Winter OSR,MADRIGAL_x_RECITAL_DH_LINE,6.666666666666667,7.0,6.0
BR017-097112,Winter OSR,MADRIGAL_x_RECITAL_DH_LINE,6.0,7.0,5.0
BR017-097121,Winter OSR,MADRIGAL_x_RECITAL_DH_LINE,5.666666666666667,8.0,7.0
BR017-097122,Winter OSR,MADRIGAL_x_RECITAL_DH_LINE,5.0,8.0,8.0
BR017-097213,Winter OSR,MADRIGAL_x_RECITAL_DH_LINE,5.666666666666667,7.0,7.0
BR017-097223,Winter OSR,MADRIGAL_x_RECITAL_DH_LINE,6.666666666666667,8.0,8.0
BR017-098111,Winter OSR,RAFAL_DH1,6.333333333333333,5.0,5.0
BR017-098112,Winter OSR,RAFAL_DH1,5.666666666666667,5.0,5.0
BR017-098121,Winter OSR,RAFAL_DH1,5.333333333333333,8.0,7.0
BR017-098122,Winter OSR,RAFAL_DH1,4.666666666666667,11.0,9.0
BR017-098213,Winter OSR,RAFAL_DH1,6.666666666666667,5.0,5.0
BR017-098223,Winter OSR,RAFAL_DH1,6.333333333333333,8.0,8.0
BR017-101111,Winter OSR,EUROL,4.666666666666667,8.0,4.0
BR017-101112,Winter OSR,EUROL,2.6666666666666665,4.0,3.0
BR017-101121,Winter OSR,EUROL,2.0,6.0,2.0
BR017-101122,Winter OSR,EUROL,3.6666666666666665,8.0,3.0
BR017-101223,Winter OSR,EUROL,2.6666666666666665,5.0,2.0
BR017-102111,Winter OSR,Lesira,7.666666666666667,6.0,6.0
BR017-102112,Winter OSR,Lesira,10.0,6.0,6.0
BR017-102121,Winter OSR,Lesira,8.666666666666666,8.0,7.0
BR017-102122,Winter OSR,Lesira,8.666666666666666,11.0,7.0
BR017-102213,Winter OSR,Lesira,8.0,14.0,5.0
BR017-102223,Winter OSR,Lesira,9.333333333333334,12.0,9.0
BR017-105111,Winter OSR,LICROWN_X_EXPRESS_DH_LINE,9.0,5.0,5.0
BR017-105112,Winter OSR,LICROWN_X_EXPRESS_DH_LINE,5.0,5.0,5.0
BR017-105121,Winter OSR,LICROWN_X_EXPRESS_DH_LINE,2.3333333333333335,7.0,4.0
BR017-105122,Winter OSR,LICROWN_X_EXPRESS_DH_LINE,4.0,5.0,5.0
BR017-105213,Winter OSR,LICROWN_X_EXPRESS_DH_LINE,5.333333333333333,5.0,5.0
BR017-105223,Winter OSR,LICROWN_X_EXPRESS_DH_LINE,5.666666666666667,6.0,6.0
BR017-106111,Winter OSR,SHANNON_x_WINNER_DH_LINE,7.0,10.0,5.0
BR017-106112,Winter OSR,SHANNON_x_WINNER_DH_LINE,7.0,8.0,8.0
BR017-106121,Winter OSR,SHANNON_x_WINNER_DH_LINE,10.666666666666666,9.0,9.0
BR017-106122,Winter OSR,SHANNON_x_WINNER_DH_LINE,7.333333333333333,9.0,9.0
BR017-106223,Winter OSR,SHANNON_x_WINNER_DH_LINE,7.666666666666667,10.0,10.0
BR017-107111,Winter OSR,Janetzkis_Schlesischer,6.666666666666667,8.0,5.0
BR017-107112,Winter OSR,Janetzkis_Schlesischer,7.333333333333333,8.0,6.0
BR017-107121,Winter OSR,Janetzkis_Schlesischer,3.3333333333333335,10.0,4.0
BR017-107122,Winter OSR,Janetzkis_Schlesischer,4.0,9.0,3.0
BR017-107213,Winter OSR,Janetzkis_Schlesischer,6.666666666666667,8.0,5.0
BR017-107223,Winter OSR,Janetzkis_Schlesischer,5.0,9.0,4.0
BR017-108111,Winter OSR,LEMBKES_MALCHOWER_LENORA,3.0,5.0,4.0
BR017-108112,Winter OSR,LEMBKES_MALCHOWER_LENORA,4.0,11.0,5.0
BR017-108121,Winter OSR,LEMBKES_MALCHOWER_LENORA,1.0,12.0,2.0
BR017-108122,Winter OSR,LEMBKES_MALCHOWER_LENORA,1.0,10.0,2.0
BR017-108213,Winter OSR,LEMBKES_MALCHOWER_LENORA,3.0,5.0,3.0
BR017-108223,Winter OSR,LEMBKES_MALCHOWER_LENORA,2.0,9.0,2.0
BR017-109111,Winter OSR,NORIN,6.0,11.0,6.0
BR017-109112,Winter OSR,NORIN,4.666666666666667,21.0,7.0
BR017-109121,Winter OSR,NORIN,1.0,10.0,1.0
BR017-109122,Winter OSR,NORIN,1.0,18.0,4.0
BR017-109213,Winter OSR,NORIN,4.333333333333333,10.0,5.0
BR017-109223,Winter OSR,NORIN,1.0,6.0,2.0
BR017-113112,Winter OSR,Samourai,8.333333333333334,8.0,6.0
BR017-113121,Winter OSR,Samourai,8.333333333333334,9.0,9.0
BR017-113122,Winter OSR,Samourai,6.333333333333333,16.0,10.0
BR017-113213,Winter OSR,Samourai,8.666666666666666,4.0,4.0
BR017-113223,Winter OSR,Samourai,7.333333333333333,8.0,7.0
BR017-133111,Winter OSR,Baltia,8.0,12.0,6.0
BR017-133112,Winter OSR,Baltia,6.0,8.0,8.0
BR017-133121,Winter OSR,Baltia,6.0,10.0,5.0
BR017-133122,Winter OSR,Baltia,5.666666666666667,16.0,10.0
BR017-133213,Winter OSR,Baltia,6.666666666666667,11.0,6.0
BR017-133223,Winter OSR,Baltia,4.333333333333333,10.0,4.0
BR017-137111,Winter OSR,Coriander,7.666666666666667,6.0,6.0
BR017-137112,Winter OSR,Coriander,6.666666666666667,6.0,6.0
BR017-137121,Winter OSR,Coriander,5.0,5.0,5.0
BR017-137122,Winter OSR,Coriander,6.666666666666667,7.0,6.0
BR017-137213,Winter OSR,Coriander,4.666666666666667,11.0,6.0
BR017-137223,Winter OSR,Coriander,7.333333333333333,15.0,11.0
BR017-139111,Winter OSR,Dippes,5.0,11.0,5.0
BR017-139112,Winter OSR,Dippes,6.0,12.0,7.0
BR017-139121,Winter OSR,Dippes,3.6666666666666665,10.0,4.0
BR017-139122,Winter OSR,Dippes,3.6666666666666665,7.0,3.0
BR017-139213,Winter OSR,Dippes,6.0,15.0,11.0
BR017-139223,Winter OSR,Dippes,3.0,7.0,5.0
BR017-150111,Winter OSR,Kromerska,8.0,6.0,4.0
BR017-150112,Winter OSR,Kromerska,5.0,5.0,5.0
BR017-150121,Winter OSR,Kromerska,5.666666666666667,10.0,6.0
BR017-150122,Winter OSR,Kromerska,2.6666666666666665,7.0,5.0
BR017-150213,Winter OSR,Kromerska,6.0,4.0,4.0
BR017-150223,Winter OSR,Kromerska,3.0,7.0,4.0
BR017-160111,Winter OSR,Matador,5.0,8.0,7.0
BR017-160121,Winter OSR,Matador,5.333333333333333,6.0,5.0
BR017-160122,Winter OSR,Matador,3.6666666666666665,8.0,6.0
BR017-160223,Winter OSR,Matador,3.0,9.0,4.0
BR017-168111,Winter OSR,Ramses,6.666666666666667,8.0,5.0
BR017-168112,Winter OSR,Ramses,3.3333333333333335,7.0,5.0
BR017-168121,Winter OSR,Ramses,4.0,9.0,5.0
BR017-168122,Winter OSR,Ramses,3.6666666666666665,9.0,5.0
BR017-168213,Winter OSR,Ramses,5.333333333333333,6.0,4.0
BR017-168223,Winter OSR,Ramses,4.666666666666667,8.0,5.0
BR017-172111,Winter OSR,Slovenska_Krajova,5.666666666666667,6.0,4.0
BR017-172112,Winter OSR,Slovenska_Krajova,5.333333333333333,5.0,5.0
BR017-172121,Winter OSR,Slovenska_Krajova,4.666666666666667,9.0,5.0
BR017-172122,Winter OSR,Slovenska_Krajova,3.6666666666666665,8.0,5.0
BR017-172213,Winter OSR,Slovenska_Krajova,5.333333333333333,7.0,5.0
BR017-172223,Winter OSR,Slovenska_Krajova,4.0,9.0,5.0
BR017-185111,Winter fodder,CANARD,3.3333333333333335,5.0,3.0
BR017-185112,Winter fodder,CANARD,3.6666666666666665,4.0,3.0
BR017-185121,Winter fodder,CANARD,2.0,8.0,2.0
BR017-185122,Winter fodder,CANARD,2.6666666666666665,7.0,3.0
BR017-185213,Winter fodder,CANARD,5.0,8.0,4.0
BR017-185223,Winter fodder,CANARD,2.6666666666666665,6.0,3.0
BR017-193111,Winter fodder,Dwarf_Essex,2.6666666666666665,16.0,3.0
BR017-193121,Winter fodder,Dwarf_Essex,1.0,8.0,1.0
BR017-193213,Winter fodder,Dwarf_Essex,4.0,9.0,8.0
BR017-193223,Winter fodder,Dwarf_Essex,0.3333333333333333,8.0,0.0
BR017-203111,Leafy vegetable,Taisetsu,9.0,16.0,10.0
BR017-203112,Leafy vegetable,Taisetsu,9.0,15.0,10.0
BR017-203121,Leafy vegetable,Taisetsu,3.6666666666666665,12.0,6.0
BR017-203122,Leafy vegetable,Taisetsu,6.0,11.0,5.0
BR017-203213,Leafy vegetable,Taisetsu,9.666666666666666,14.0,11.0
BR017-203223,Leafy vegetable,Taisetsu,6.333333333333333,10.0,5.0
BR017-206112,Leafy vegetable,BRAUNER_SCHNITTKOHL,4.666666666666667,5.0,4.0
BR017-206121,Leafy vegetable,BRAUNER_SCHNITTKOHL,2.6666666666666665,17.0,6.0
BR017-206122,Leafy vegetable,BRAUNER_SCHNITTKOHL,1.3333333333333333,9.0,4.0
BR017-206213,Leafy vegetable,BRAUNER_SCHNITTKOHL,5.333333333333333,7.0,6.0
BR017-206223,Leafy vegetable,BRAUNER_SCHNITTKOHL,2.6666666666666665,12.0,4.0
BR017-207111,Leafy vegetable,CHEMBERE_DZAGUMHANA,7.666666666666667,12.0,7.0
BR017-207112,Leafy vegetable,CHEMBERE_DZAGUMHANA,9.333333333333334,7.0,6.0
BR017-207122,Leafy vegetable,CHEMBERE_DZAGUMHANA,8.0,10.0,7.0
BR017-207213,Leafy vegetable,CHEMBERE_DZAGUMHANA,8.666666666666666,6.0,6.0
BR017-207223,Leafy vegetable,CHEMBERE_DZAGUMHANA,6.333333333333333,4.0,4.0
BR017-208111,Leafy vegetable,COUVE_NABICA,10.666666666666666,13.0,9.0
BR017-208112,Leafy vegetable,COUVE_NABICA,9.0,15.0,14.0
BR017-208121,Leafy vegetable,COUVE_NABICA,6.333333333333333,13.0,6.0
BR017-208122,Leafy vegetable,COUVE_NABICA,6.666666666666667,9.0,5.0
BR017-208213,Leafy vegetable,COUVE_NABICA,8.666666666666666,13.0,13.0
BR017-208223,Leafy vegetable,COUVE_NABICA,7.0,21.0,15.0
BR017-212111,Winter OSR,SLAPSKA_SLAPY,4.666666666666667,5.0,3.0
BR017-212121,Winter OSR,SLAPSKA_SLAPY,1.6666666666666667,9.0,2.0
BR017-212122,Winter OSR,SLAPSKA_SLAPY,3.3333333333333335,8.0,3.0
BR017-212223,Winter OSR,SLAPSKA_SLAPY,1.3333333333333333,4.0,3.0
BR017-213111,Winter OSR,ABUKUMA_NATANE,8.666666666666666,9.0,9.0
BR017-213112,Winter OSR,ABUKUMA_NATANE,8.0,13.0,13.0
BR017-213121,Winter OSR,ABUKUMA_NATANE,6.666666666666667,8.0,8.0
BR017-213122,Winter OSR,ABUKUMA_NATANE,6.666666666666667,8.0,5.0
BR017-213213,Winter OSR,ABUKUMA_NATANE,9.0,8.0,8.0
BR017-213223,Winter OSR,ABUKUMA_NATANE,7.666666666666667,14.0,13.0
BR017-218111,Leafy vegetable,GROENE_GRONINGER_SNIJMOES,7.333333333333333,8.0,6.0
BR017-218112,Leafy vegetable,GROENE_GRONINGER_SNIJMOES,6.0,7.0,6.0
BR017-218121,Leafy vegetable,GROENE_GRONINGER_SNIJMOES,4.0,7.0,5.0
BR017-218122,Leafy vegetable,GROENE_GRONINGER_SNIJMOES,3.3333333333333335,7.0,4.0
BR017-218213,Leafy vegetable,GROENE_GRONINGER_SNIJMOES,7.666666666666667,6.0,6.0
BR017-218223,Leafy vegetable,GROENE_GRONINGER_SNIJMOES,4.666666666666667,5.0,4.0
BR017-221111,Spring fodder,RAPID_CYCLING_RAPE_CrGC5,7.333333333333333,7.0,7.0
BR017-221112,Spring fodder,RAPID_CYCLING_RAPE_CrGC5,8.0,8.0,8.0
BR017-221121,Spring fodder,RAPID_CYCLING_RAPE_CrGC5,1.3333333333333333,6.0,6.0
BR017-221122,Spring fodder,RAPID_CYCLING_RAPE_CrGC5,4.333333333333333,5.0,5.0
BR017-221213,Spring fodder,RAPID_CYCLING_RAPE_CrGC5,7.666666666666667,7.0,7.0
BR017-221223,Spring fodder,RAPID_CYCLING_RAPE_CrGC5,3.3333333333333335,5.0,5.0
BR017-229111,Semiwinter OSR,SWU_Chinese_1,7.666666666666667,7.0,7.0
BR017-229112,Semiwinter OSR,SWU_Chinese_1,10.0,8.0,8.0
BR017-229121,Semiwinter OSR,SWU_Chinese_1,4.666666666666667,10.0,10.0
BR017-229122,Semiwinter OSR,SWU_Chinese_1,5.333333333333333,10.0,10.0
BR017-229223,Semiwinter OSR,SWU_Chinese_1,6.333333333333333,12.0,12.0
BR017-230121,Semiwinter OSR,SWU_Chinese_2,5.666666666666667,11.0,11.0
BR017-230122,Semiwinter OSR,SWU_Chinese_2,9.0,10.0,10.0
BR017-230223,Semiwinter OSR,SWU_Chinese_2,11.666666666666666,9.0,9.0
BR017-237121,Semiwinter OSR,Zhouyou,8.666666666666666,7.0,7.0
BR017-237222,Semiwinter OSR,Zhouyou,8.666666666666666,10.0,10.0
BR017-237223,Semiwinter OSR,Zhouyou,10.333333333333334,12.0,12.0
BR017-239111,Spring OSR,STELLAR_DH,6.666666666666667,14.0,13.0
BR017-239121,Spring OSR,STELLAR_DH,11.0,12.0,12.0
BR017-239212,Spring OSR,STELLAR_DH,8.0,11.0,10.0
BR017-239213,Spring OSR,STELLAR_DH,9.333333333333334,12.0,12.0
BR017-239222,Spring OSR,STELLAR_DH,14.333333333333334,12.0,12.0
BR017-239223,Spring OSR,STELLAR_DH,10.666666666666666,13.0,12.0
BR017-240111,Spring OSR,WESTAR_DH,9.666666666666666,12.0,12.0
BR017-240121,Spring OSR,WESTAR_DH,7.0,13.0,13.0
BR017-240212,Spring OSR,WESTAR_DH,9.333333333333334,11.0,11.0
BR017-240213,Spring OSR,WESTAR_DH,10.666666666666666,12.0,12.0
BR017-240222,Spring OSR,WESTAR_DH,8.666666666666666,13.0,13.0
BR017-240223,Spring OSR,WESTAR_DH,5.666666666666667,11.0,11.0
BR017-257111,Spring OSR,MONTY-028DH,13.0,11.0,11.0
BR017-257121,Spring OSR,MONTY-028DH,7.666666666666667,11.0,11.0
BR017-257212,Spring OSR,MONTY-028DH,11.333333333333334,9.0,9.0
BR017-257222,Spring OSR,MONTY-028DH,7.333333333333333,9.0,9.0
BR017-257223,Spring OSR,MONTY-028DH,6.0,11.0,11.0
BR017-258111,Spring OSR,N01D-1330,8.0,10.0,10.0
BR017-258121,Spring OSR,N01D-1330,10.0,11.0,11.0
BR017-258212,Spring OSR,N01D-1330,9.0,11.0,11.0
BR017-258213,Spring OSR,N01D-1330,9.333333333333334,11.0,11.0
BR017-258222,Spring OSR,N01D-1330,12.333333333333334,12.0,12.0
BR017-258223,Spring OSR,N01D-1330,11.333333333333334,11.0,11.0
BR017-263111,Spring OSR,ERGLU,8.0,9.0,9.0
BR017-263121,Spring OSR,ERGLU,12.333333333333334,9.0,9.0
BR017-263212,Spring OSR,ERGLU,8.333333333333334,8.0,8.0
BR017-263213,Spring OSR,ERGLU,10.333333333333334,9.0,9.0
BR017-263222,Spring OSR,ERGLU,12.666666666666666,11.0,11.0
BR017-263223,Spring OSR,ERGLU,10.0,9.0,9.0
BR017-271111,Spring fodder,Liho,8.333333333333334,8.0,8.0
BR017-271121,Spring fodder,Liho,7.666666666666667,7.0,7.0
BR017-271212,Spring fodder,Liho,10.0,8.0,8.0
BR017-271213,Spring fodder,Liho,9.333333333333334,8.0,8.0
BR017-271222,Spring fodder,Liho,9.666666666666666,11.0,11.0
BR017-271223,Spring fodder,Liho,10.666666666666666,10.0,9.0
BR017-273111,Spring fodder,Bronowski,8.0,11.0,11.0
BR017-273121,Spring fodder,Bronowski,9.0,11.0,11.0
BR017-273212,Spring fodder,Bronowski,9.0,10.0,10.0
BR017-273213,Spring fodder,Bronowski,8.0,9.0,9.0
BR017-273222,Spring fodder,Bronowski,12.0,11.0,11.0
BR017-273223,Spring fodder,Bronowski,8.333333333333334,10.0,9.0
BR017-274111,Spring OSR,Ceska_Krajova,8.666666666666666,10.0,10.0
BR017-274121,Spring OSR,Ceska_Krajova,12.0,13.0,13.0
BR017-274212,Spring OSR,Ceska_Krajova,8.333333333333334,10.0,10.0
BR017-274213,Spring OSR,Ceska_Krajova,7.666666666666667,8.0,8.0
BR017-274222,Spring OSR,Ceska_Krajova,10.0,9.0,9.0
BR017-274223,Spring OSR,Ceska_Krajova,9.333333333333334,12.0,12.0
BR017-275111,Spring OSR,Duplo,8.333333333333334,14.0,13.0
BR017-275121,Spring OSR,Duplo,9.666666666666666,9.0,9.0
BR017-275212,Spring OSR,Duplo,9.333333333333334,10.0,10.0
BR017-275213,Spring OSR,Duplo,10.0,9.0,9.0
BR017-275222,Spring OSR,Duplo,10.666666666666666,9.0,9.0
BR017-275223,Spring OSR,Duplo,9.666666666666666,8.0,8.0
BR017-283111,Spring OSR,Topas,10.0,13.0,12.0
BR017-283121,Spring OSR,Topas,8.333333333333334,17.0,17.0
BR017-283212,Spring OSR,Topas,10.333333333333334,11.0,10.0
BR017-283222,Spring OSR,Topas,6.333333333333333,14.0,14.0
BR017-283223,Spring OSR,Topas,8.666666666666666,16.0,16.0
BR017-410111,Swede,HUGUENOT,6.666666666666667,14.0,6.0
BR017-410121,Swede,HUGUENOT,3.3333333333333335,10.0,2.0
BR017-410212,Swede,HUGUENOT,8.0,16.0,6.0
BR017-410213,Swede,HUGUENOT,7.333333333333333,19.0,8.0
BR017-410222,Swede,HUGUENOT,2.3333333333333335,7.0,2.0
BR017-410223,Swede,HUGUENOT,3.3333333333333335,11.0,3.0
BR017-448111,Swede,Wilhelmsburger;_Reform,8.0,9.0,9.0
BR017-448121,Swede,Wilhelmsburger;_Reform,2.6666666666666665,14.0,6.0
BR017-448212,Swede,Wilhelmsburger;_Reform,4.333333333333333,16.0,13.0
BR017-448213,Swede,Wilhelmsburger;_Reform,10.333333333333334,8.0,8.0
BR017-448222,Swede,Wilhelmsburger;_Reform,8.333333333333334,8.0,8.0
BR017-448223,Swede,Wilhelmsburger;_Reform,9.333333333333334,8.0,8.0
BR017-509111,Winter OSR,Cabernet,7.333333333333333,10.0,4.0
BR017-509121,Winter OSR,Cabernet,5.333333333333333,11.0,3.0
BR017-509212,Winter OSR,Cabernet,6.666666666666667,15.0,4.0
BR017-509213,Winter OSR,Cabernet,1.3333333333333333,15.0,3.0
BR017-509222,Winter OSR,Cabernet,2.6666666666666665,14.0,3.0
BR017-509223,Winter OSR,Cabernet,3.0,16.0,3.0
BR017-510111,Winter OSR,Cabriolet,7.666666666666667,10.0,9.0
BR017-510121,Winter OSR,Cabriolet,9.666666666666666,13.0,9.0
BR017-510212,Winter OSR,Cabriolet,8.666666666666666,12.0,9.0
BR017-510213,Winter OSR,Cabriolet,7.333333333333333,9.0,8.0
BR017-510222,Winter OSR,Cabriolet,8.0,14.0,9.0
BR017-510223,Winter OSR,Cabriolet,5.666666666666667,13.0,10.0
BR017-511111,Winter OSR,Castille,12.0,8.0,8.0
BR017-511121,Winter OSR,Castille,7.666666666666667,7.0,7.0
BR017-511212,Winter OSR,Castille,7.666666666666667,7.0,7.0
BR017-511213,Winter OSR,Castille,9.333333333333334,9.0,9.0
BR017-511222,Winter OSR,Castille,9.666666666666666,7.0,7.0
BR017-511223,Winter OSR,Castille,9.333333333333334,8.0,8.0
BR017-512111,Winter OSR,Catana,9.666666666666666,9.0,9.0
BR017-512121,Winter OSR,Catana,8.666666666666666,8.0,8.0
BR017-512212,Winter OSR,Catana,8.0,8.0,8.0
BR017-512213,Winter OSR,Catana,8.666666666666666,9.0,9.0
BR017-512222,Winter OSR,Catana,10.333333333333334,9.0,9.0
BR017-512223,Winter OSR,Catana,10.666666666666666,11.0,10.0
BR017-513121,Semiwinter OSR,Chuanyou_2,11.666666666666666,13.0,13.0
BR017-513222,Semiwinter OSR,Chuanyou_2,9.666666666666666,15.0,15.0
BR017-513223,Semiwinter OSR,Chuanyou_2,13.333333333333334,18.0,18.0
BR017-514111,Winter OSR,Dimension,7.333333333333333,6.0,6.0
BR017-514121,Winter OSR,Dimension,3.0,7.0,4.0
BR017-514212,Winter OSR,Dimension,3.6666666666666665,8.0,4.0
BR017-514213,Winter OSR,Dimension,6.333333333333333,7.0,6.0
BR017-514222,Winter OSR,Dimension,3.3333333333333335,8.0,3.0
BR017-514223,Winter OSR,Dimension,3.0,12.0,5.0
BR017-515111,Winter OSR,Excalibur,8.666666666666666,7.0,7.0
BR017-515121,Winter OSR,Excalibur,8.0,9.0,7.0
BR017-515212,Winter OSR,Excalibur,7.666666666666667,8.0,8.0
BR017-515213,Winter OSR,Excalibur,8.333333333333334,9.0,6.0
BR017-515222,Winter OSR,Excalibur,6.333333333333333,9.0,9.0
BR017-515223,Winter OSR,Excalibur,8.0,9.0,8.0
BR017-516111,Winter OSR,Flash,8.333333333333334,12.0,7.0
BR017-516121,Winter OSR,Flash,10.666666666666666,8.0,8.0
BR017-516212,Winter OSR,Flash,7.0,8.0,6.0
BR017-516213,Winter OSR,Flash,8.0,7.0,6.0
BR017-516222,Winter OSR,Flash,6.333333333333333,8.0,7.0
BR017-516223,Winter OSR,Flash,8.333333333333334,8.0,5.0
BR017-517111,Winter OSR,Huron_x_Navajo,3.3333333333333335,4.0,3.0
BR017-517121,Winter OSR,Huron_x_Navajo,2.0,9.0,2.0
BR017-517212,Winter OSR,Huron_x_Navajo,3.6666666666666665,5.0,2.0
BR017-517213,Winter OSR,Huron_x_Navajo,5.0,6.0,3.0
BR017-517222,Winter OSR,Huron_x_Navajo,2.3333333333333335,10.0,2.0
BR017-517223,Winter OSR,Huron_x_Navajo,2.0,10.0,2.0
BR017-518111,Winter OSR,Inca_x_Contact,7.333333333333333,10.0,6.0
BR017-518121,Winter OSR,Inca_x_Contact,4.333333333333333,8.0,4.0
BR017-518212,Winter OSR,Inca_x_Contact,6.0,11.0,6.0
BR017-518213,Winter OSR,Inca_x_Contact,8.0,12.0,7.0
BR017-518222,Winter OSR,Inca_x_Contact,7.0,12.0,5.0
BR017-518223,Winter OSR,Inca_x_Contact,6.0,8.0,5.0
BR017-520121,Semiwinter OSR,Ningyou_7,8.333333333333334,9.0,9.0
BR017-520222,Semiwinter OSR,Ningyou_7,10.0,18.0,18.0
BR017-520223,Semiwinter OSR,Ningyou_7,7.666666666666667,11.0,11.0
BR017-521111,Winter OSR,Palmedor,7.666666666666667,8.0,7.0
BR017-521121,Winter OSR,Palmedor,6.333333333333333,11.0,7.0
BR017-521212,Winter OSR,Palmedor,9.0,9.0,7.0
BR017-521213,Winter OSR,Palmedor,9.0,8.0,6.0
BR017-521222,Winter OSR,Palmedor,6.666666666666667,13.0,7.0
BR017-521223,Winter OSR,Palmedor,7.333333333333333,10.0,7.0
BR017-522111,Winter OSR,POH_285_Bolko,4.333333333333333,3.0,2.0
BR017-522121,Winter OSR,POH_285_Bolko,2.0,6.0,2.0
BR017-522212,Winter OSR,POH_285_Bolko,3.0,3.0,2.0
BR017-522213,Winter OSR,POH_285_Bolko,3.6666666666666665,4.0,3.0
BR017-522222,Winter OSR,POH_285_Bolko,1.0,5.0,1.0
BR017-522223,Winter OSR,POH_285_Bolko,2.0,4.0,2.0
BR017-523111,Winter OSR,Quinta,8.0,10.0,10.0
BR017-523121,Winter OSR,Quinta,2.0,8.0,4.0
BR017-523212,Winter OSR,Quinta,7.666666666666667,11.0,8.0
BR017-523213,Winter OSR,Quinta,7.333333333333333,11.0,7.0
BR017-523222,Winter OSR,Quinta,4.333333333333333,7.0,4.0
BR017-523223,Winter OSR,Quinta,2.3333333333333335,5.0,3.0
BR017-524111,Winter OSR,Rocket,5.666666666666667,12.0,9.0
BR017-524121,Winter OSR,Rocket,3.3333333333333335,6.0,3.0
BR017-524212,Winter OSR,Rocket,5.0,7.0,5.0
BR017-524213,Winter OSR,Rocket,5.333333333333333,11.0,5.0
BR017-524222,Winter OSR,Rocket,2.0,7.0,2.0
BR017-524223,Winter OSR,Rocket,2.6666666666666665,7.0,2.0
BR017-526111,Semiwinter OSR,Shengliyoucai,5.333333333333333,9.0,9.0
BR017-526121,Semiwinter OSR,Shengliyoucai,7.333333333333333,9.0,9.0
BR017-526212,Semiwinter OSR,Shengliyoucai,7.0,8.0,8.0
BR017-526213,Semiwinter OSR,Shengliyoucai,5.333333333333333,9.0,9.0
BR017-526222,Semiwinter OSR,Shengliyoucai,7.666666666666667,10.0,10.0
BR017-526223,Semiwinter OSR,Shengliyoucai,7.333333333333333,10.0,9.0
BR017-527111,Winter OSR,Temple,9.0,7.0,7.0
BR017-527121,Winter OSR,Temple,5.333333333333333,7.0,6.0
BR017-527212,Winter OSR,Temple,9.0,7.0,7.0
BR017-527213,Winter OSR,Temple,8.333333333333334,7.0,7.0
BR017-527222,Winter OSR,Temple,5.0,9.0,4.0
BR017-527223,Winter OSR,Temple,6.0,7.0,5.0
BR017-528111,Winter OSR,Vision,5.666666666666667,5.0,4.0
BR017-528121,Winter OSR,Vision,3.3333333333333335,6.0,3.0
BR017-528213,Winter OSR,Vision,6.666666666666667,5.0,5.0
BR017-528222,Winter OSR,Vision,4.0,7.0,3.0
BR017-529121,Semiwinter OSR,Xiangyou_15,5.0,10.0,7.0
BR017-529212,Semiwinter OSR,Xiangyou_15,4.333333333333333,14.0,13.0
BR017-529213,Semiwinter OSR,Xiangyou_15,4.333333333333333,10.0,10.0
BR017-529222,Semiwinter OSR,Xiangyou_15,4.666666666666667,12.0,11.0
BR017-529223,Semiwinter OSR,Xiangyou_15,5.666666666666667,11.0,10.0
BR017-530121,Semiwinter OSR,Zhongshuang_II,8.0,7.0,6.0
BR017-530222,Semiwinter OSR,Zhongshuang_II,9.333333333333334,8.0,8.0
BR017-530223,Semiwinter OSR,Zhongshuang_II,9.333333333333334,8.0,7.0
BR017-531111,Winter OSR,Darmor_ET,7.666666666666667,9.0,5.0
BR017-531121,Winter OSR,Darmor_ET,3.0,15.0,4.0
BR017-531212,Winter OSR,Darmor_ET,6.0,11.0,7.0
BR017-531213,Winter OSR,Darmor_ET,8.0,11.0,5.0
BR017-531222,Winter OSR,Darmor_ET,3.6666666666666665,14.0,4.0
BR017-531223,Winter OSR,Darmor_ET,3.3333333333333335,13.0,3.0
BR017-532111,Winter OSR,Express 617,7.0,7.0,5.0
BR017-532121,Winter OSR,Express 617,3.6666666666666665,8.0,6.0
BR017-532212,Winter OSR,Express 617,4.666666666666667,7.0,5.0
BR017-532213,Winter OSR,Express 617,5.0,8.0,5.0
BR017-532222,Winter OSR,Express 617,4.0,7.0,4.0
BR017-532223,Winter OSR,Express 617,4.333333333333333,7.0,4.0
